Symbol,Frequency
 ,3171
O,2834
A,2490
I,2396
E,2258
R,1514
T,1472
N,1406
H,1393
U,1346
G,1308
S,1097
L,1086
B,1072
D,1038
P,1033
C,988
Y,926
F,926
W,767
K,722
M,656
V,492
J,212
Z,138
X,117
Q,116
-,65
',41
&,18
?,1
