Symbol,Frequency
 ,3171
&,18
',41
-,65
?,1
A,2490
B,1072
C,988
D,1038
E,2258
F,926
G,1308
H,1393
I,2396
J,212
K,722
L,1086
M,656
N,1406
O,2834
P,1033
Q,116
R,1514
S,1097
T,1472
U,1346
V,492
W,767
X,117
Y,926
Z,138
